{"cameraMode":{"drawMode":0,"name":"Shaded","section":"Shading Mode"},"sceneLighting":true,"audioPlay":false,"sceneViewState":{"m_AlwaysRefresh":false,"showFog":true,"showSkybox":true,"showFlares":true,"showImageEffects":true,"showParticleSystems":true,"showVisualEffectGraphs":true,"m_FxEnabled":true},"in2DMode":false,"pivot":{"x":2.469242572784424,"y":0.8866463303565979,"z":-0.5336492657661438},"rotation":{"x":-0.04254474490880966,"y":0.9572919607162476,"z":-0.19291439652442933,"w":-0.2111281007528305},"size":1.6867201328277588,"orthographic":false}