{"cameraMode":{"drawMode":0,"name":"Shaded","section":"Shading Mode"},"sceneLighting":true,"audioPlay":false,"sceneViewState":{"m_AlwaysRefresh":false,"showFog":true,"showSkybox":true,"showFlares":true,"showImageEffects":true,"showParticleSystems":true,"showVisualEffectGraphs":true,"m_FxEnabled":true},"in2DMode":false,"pivot":{"x":1.1283414363861085,"y":0.9219745397567749,"z":-0.7027257084846497},"rotation":{"x":-0.1584935486316681,"y":-0.06945651769638062,"z":0.01113481167703867,"w":-0.9848686456680298},"size":0.7493057250976563,"orthographic":true}