{"cameraMode":{"drawMode":0,"name":"Shaded","section":"Shading Mode"},"sceneLighting":true,"audioPlay":false,"sceneViewState":{"m_AlwaysRefresh":false,"showFog":true,"showSkybox":false,"showFlares":true,"showImageEffects":true,"showParticleSystems":true,"showVisualEffectGraphs":true,"m_FxEnabled":true},"in2DMode":false,"pivot":{"x":-0.003000020980834961,"y":0.49784499406814577,"z":0.1809999942779541},"rotation":{"x":-0.04254474490880966,"y":0.9572919607162476,"z":-0.19291439652442933,"w":-0.2111281007528305},"size":3.7204012870788576,"orthographic":true}