{"cameraMode":{"drawMode":0,"name":"Shaded","section":"Shading Mode"},"sceneLighting":false,"audioPlay":false,"sceneViewState":{"m_AlwaysRefresh":false,"showFog":true,"showSkybox":false,"showFlares":true,"showImageEffects":true,"showParticleSystems":true,"showVisualEffectGraphs":true,"m_FxEnabled":true},"in2DMode":false,"pivot":{"x":2.3660879135131838,"y":0.8127776384353638,"z":0.1648399829864502},"rotation":{"x":-0.26472726464271548,"y":0.6531075835227966,"z":-0.26227039098739626,"w":-0.6592428684234619},"size":0.058155909180641177,"orthographic":true}