{"cameraMode":{"drawMode":0,"name":"Shaded","section":"Shading Mode"},"sceneLighting":false,"audioPlay":false,"sceneViewState":{"m_AlwaysRefresh":false,"showFog":true,"showSkybox":false,"showFlares":true,"showImageEffects":true,"showParticleSystems":true,"showVisualEffectGraphs":true,"m_FxEnabled":true},"in2DMode":false,"pivot":{"x":-0.002904832363128662,"y":0.044399701058864596,"z":0.04453083872795105},"rotation":{"x":-0.04254474490880966,"y":0.9572919607162476,"z":-0.19291439652442933,"w":-0.2111281007528305},"size":0.7784701585769653,"orthographic":true}